<vector xmlns:android="http://schemas.android.com/apk/res/android"
    xmlns:aapt="http://schemas.android.com/aapt"
    android:width="23dp"
    android:height="21dp"
    android:viewportWidth="23"
    android:viewportHeight="21">
  <path
      android:strokeWidth="1"
      android:pathData="M3,0.5L19.312,0.5A2.5,2.5 0,0 1,21.812 3L21.812,17.478A2.5,2.5 0,0 1,19.312 19.978L3,19.978A2.5,2.5 0,0 1,0.5 17.478L0.5,3A2.5,2.5 0,0 1,3 0.5z">
    <aapt:attr name="android:fillColor">
      <gradient 
          android:startX="11.156"
          android:startY="0"
          android:endX="11.156"
          android:endY="20.478"
          android:type="linear">
        <item android:offset="0" android:color="#FFF08D17"/>
        <item android:offset="1" android:color="#FFF8CA09"/>
      </gradient>
    </aapt:attr>
    <aapt:attr name="android:strokeColor">
      <gradient 
          android:startX="11.156"
          android:startY="0"
          android:endX="11.156"
          android:endY="20.478"
          android:type="linear">
        <item android:offset="0" android:color="#FFF08C17"/>
        <item android:offset="1" android:color="#FFDBB009"/>
      </gradient>
    </aapt:attr>
  </path>
</vector>
