<?xml version="1.0" encoding="utf-8" ?>
<layer-list xmlns:android="http://schemas.android.com/apk/res/android">
	<item>
		<shape android:shape="rectangle">
			<gradient android:startColor="@color/gradient1" android:endColor="@color/gradient2" android:angle="0.0" />
			<corners android:radius="@dimen/_8sdp" />
		</shape>
	</item>
	<item android:left="@dimen/_2sdp" android:top="@dimen/_2sdp" android:right="@dimen/_2sdp" android:bottom="@dimen/_2sdp">
		<shape android:shape="rectangle">
			<gradient android:startColor="#FF004768" android:endColor="#FF004768" android:angle="0.0" />
			<corners android:radius="@dimen/_6sdp" />
		</shape>
	</item>
</layer-list>
