<?xml version="1.0" encoding="utf-8"?>
<ripple xmlns:android="http://schemas.android.com/apk/res/android" android:color="#aa000000">
    <item android:id="@android:id/mask">
        <shape android:shape="rectangle">
            <solid android:color="#aa000000"/>
            <corners android:radius="10dp"/>
        </shape>
    </item>
    <item android:id="@android:id/background">
        <shape android:shape="rectangle">
            <solid android:color="#88000000"/>
            <corners android:radius="10dp"/>
            <stroke android:width="2px" android:color="#FF2600"/>
        </shape>
    </item>
</ripple>
