<?xml version="1.0" encoding="utf-8"?>
<layer-list xmlns:android="http://schemas.android.com/apk/res/android">
    <item android:id="@android:id/background">
        <shape android:shape="rectangle">
            <solid
                android:color="#50000000" />
            <corners android:radius="50dp" />
        </shape>
    </item>
    <item android:id="@android:id/progress">
        <clip>
            <shape android:shape="rectangle">
                <gradient
                    android:startColor="#FAFF00"
                    android:endColor="#F54327"
                    android:type="linear"/>
                <corners android:radius="50dp" />
            </shape>
        </clip>
    </item>
</layer-list>