<?xml version="1.0" encoding="utf-8"?>
<layer-list xmlns:android="http://schemas.android.com/apk/res/android" >
    <item android:id="@android:id/background">
        <shape>
            <corners android:radius="5dip" />
            <solid android:color="#B0B0B0" />
        </shape>
    </item>
    <item android:id="@android:id/progress">
        <clip
            android:clipOrientation="vertical"
            android:gravity="bottom" >
            <shape>
                <corners android:radius="5dip" />
                <gradient android:startColor="#FFF7F7F7"
                    android:endColor="#FFC9C9C9"
                    android:angle="270.0"/>
            </shape>
        </clip>
    </item>

</layer-list>