<?xml version="1.0" encoding="utf-8"?>
<layer-list
    xmlns:android="http://schemas.android.com/apk/res/android">
    <item android:id="@android:id/background">
        <shape>
            <solid android:color="#90000000"/>
            <corners android:radius="25.0dip"/>
        </shape>
    </item>
    <item android:id="@android:id/secondaryProgress">
        <clip>
            <shape>
                <gradient android:startColor="#FFFAFF00"
                    android:endColor="#FFF54327"/>
                <corners android:radius="25.0dip"/>
            </shape>
        </clip>
    </item>
    <item android:id="@android:id/progress">
        <scale android:scaleWidth="100%">
            <shape>
                <gradient android:startColor="#FFFAFF00"
                    android:endColor="#FFF54327"/>
                <corners android:radius="20.0dip"/>
            </shape>
        </scale>
    </item>
</layer-list>