<layer-list xmlns:android="http://schemas.android.com/apk/res/android">
    <item android:id="@android:id/background">
        <shape>
            <solid android:color="#A3000000"/>
            <corners android:radius="1dp"/>
        </shape>
    </item>
    <item android:id="@android:id/progress">
        <scale android:scaleWidth="100%">
            <shape>
                <gradient android:startColor="#FFD700" android:endColor="#FFD700" android:angle="45.0" android:centerX="79.99999%" android:centerColor="#FFD700"/>
                <corners android:radius="0dp"/>
            </shape>
        </scale>
    </item>
</layer-list>