<vector xmlns:android="http://schemas.android.com/apk/res/android"
    xmlns:aapt="http://schemas.android.com/aapt"
    android:width="195dp"
    android:height="220dp"
    android:viewportWidth="195"
    android:viewportHeight="220">
  <path
      android:pathData="M0,0H195V220H0V0Z">
    <aapt:attr name="android:fillColor">
      <gradient 
          android:centerX="102.26"
          android:centerY="3.67"
          android:gradientRadius="216.38"
          android:type="radial">
        <item android:offset="0" android:color="#A5BA7814"/>
        <item android:offset="1" android:color="#00BA3C14"/>
      </gradient>
    </aapt:attr>
  </path>
  <path
      android:pathData="M103,58m-50,0a50,50 0,1 1,100 0a50,50 0,1 1,-100 0"
      android:strokeAlpha="0.5"
      android:fillAlpha="0.5">
    <aapt:attr name="android:fillColor">
      <gradient 
          android:startX="103"
          android:startY="8"
          android:endX="103"
          android:endY="108"
          android:type="linear">
        <item android:offset="0" android:color="#7F004768"/>
        <item android:offset="1" android:color="#7F076591"/>
      </gradient>
    </aapt:attr>
  </path>
  <path
      android:pathData="M102.5,58.5m-45.5,0a45.5,45.5 0,1 1,91 0a45.5,45.5 0,1 1,-91 0"
      android:strokeAlpha="0.5"
      android:fillAlpha="0.25">
    <aapt:attr name="android:fillColor">
      <gradient 
          android:startX="102.5"
          android:startY="13"
          android:endX="102.5"
          android:endY="104"
          android:type="linear">
        <item android:offset="0" android:color="#FFF09016"/>
        <item android:offset="1" android:color="#FFF9D008"/>
      </gradient>
    </aapt:attr>
  </path>
  <path
      android:pathData="M66,59a37,38 0,1 0,74 0a37,38 0,1 0,-74 0z"
      android:strokeAlpha="0.5"
      android:fillAlpha="0.25">
    <aapt:attr name="android:fillColor">
      <gradient 
          android:startX="103"
          android:startY="21"
          android:endX="103"
          android:endY="97"
          android:type="linear">
        <item android:offset="0" android:color="#FFF09016"/>
        <item android:offset="1" android:color="#FFF9D008"/>
      </gradient>
    </aapt:attr>
  </path>
  <path
      android:pathData="M75,58.5a28,28.5 0,1 0,56 0a28,28.5 0,1 0,-56 0z"
      android:strokeAlpha="0.5"
      android:fillAlpha="0.25">
    <aapt:attr name="android:fillColor">
      <gradient 
          android:startX="103"
          android:startY="30"
          android:endX="103"
          android:endY="87"
          android:type="linear">
        <item android:offset="0" android:color="#FFF09016"/>
        <item android:offset="1" android:color="#FFF9D008"/>
      </gradient>
    </aapt:attr>
  </path>
</vector>
